{
  "ae_prec": 0.36363636363636365,
  "ae_rec": 0.8278529980657641,
  "ae_f1": 0.5053128689492326,
  "ae_auc": 0.9679824324680524,
  "best_thr": 0.48734497885247624,
  "best_f1": 0.5053128685251307,
  "rf_rec": 0.91,
  "rf_f1": 0.87,
  "rf_auc": 0.99,
  "epochs": 56,
  "input_dim": 11
}