{
  "cv_mean": {
    "loss": 0.0012727552849961892,
    "compile_metrics": 0.999791661898295
  },
  "test": {
    "loss": 4.0074510820886644e-08,
    "compile_metrics": 1.0
  }
}