{
  "cv_mean": {
    "loss": 0.00046752070981407695,
    "compile_metrics": 0.9998125036557516
  },
  "test": {
    "loss": 0.0026226332411170006,
    "compile_metrics": 0.9995833039283752
  }
}